Date,Adj Close,Close,High,Low,Open,Volume
2023-01-03 00:00:00+00:00,143.26043701171875,147.1199951171875,150.4499969482422,145.72999572753906,149.5399932861328,2762200
2023-01-04 00:00:00+00:00,146.59071350097656,150.5399932861328,151.9600067138672,148.55999755859375,148.55999755859375,2620400
2023-01-05 00:00:00+00:00,143.082763671875,146.42999267578125,148.72000122070312,146.02000427246094,147.16000366210938,2505700
2023-01-06 00:00:00+00:00,146.73727416992188,150.1699981689453,150.42999267578125,145.47999572753906,147.74000549316406,3077400
2023-01-09 00:00:00+00:00,146.96202087402344,150.39999389648438,152.4499969482422,150.10000610351562,151.35000610351562,3219400
2023-01-10 00:00:00+00:00,148.52545166015625,152.0,152.17999267578125,149.27999877929688,150.50999450683594,2198400
2023-01-11 00:00:00+00:00,150.40158081054688,153.9199981689453,154.11000061035156,152.27000427246094,152.3000030517578,3113600
2023-01-12 00:00:00+00:00,151.3787078857422,154.9199981689453,155.75,152.39999389648438,154.75999450683594,3322400
2023-01-13 00:00:00+00:00,152.1995086669922,155.75999450683594,156.25,152.3000030517578,153.24000549316406,2391300
2023-01-17 00:00:00+00:00,150.23545837402344,153.75,156.10000610351562,153.3699951171875,155.5399932861328,3073400
2023-01-18 00:00:00+00:00,146.98158264160156,150.4199981689453,154.75999450683594,150.32000732421875,154.49000549316406,2762400
2023-01-19 00:00:00+00:00,143.49317932128906,146.85000610351562,148.0,144.1999969482422,146.61000061035156,3852300
2023-01-20 00:00:00+00:00,148.13461303710938,151.60000610351562,151.77999877929688,147.72000122070312,147.9600067138672,3954800
2023-01-23 00:00:00+00:00,150.47975158691406,154.0,155.05999755859375,151.5500030517578,152.0,3608700
2023-01-24 00:00:00+00:00,151.77935791015625,155.3300018310547,156.6699981689453,152.66000366210938,152.9199981689453,2348500
2023-01-25 00:00:00+00:00,153.18643188476562,156.77000427246094,157.05999755859375,153.3699951171875,153.49000549316406,2916500
2023-01-26 00:00:00+00:00,152.31675720214844,155.8800048828125,158.22999572753906,154.2899932861328,157.64999389648438,3640300
2023-01-27 00:00:00+00:00,168.3712158203125,172.30999755859375,175.5399932861328,165.5,166.8000030517578,13997300
2023-01-30 00:00:00+00:00,168.7131805419922,172.66000366210938,177.86000061035156,172.50999450683594,174.7899932861328,10240700
2023-01-31 00:00:00+00:00,170.9312744140625,174.92999267578125,175.30999755859375,171.89999389648438,172.91000366210938,5170900
2023-02-01 00:00:00+00:00,169.64149475097656,173.61000061035156,175.1199951171875,171.92999267578125,173.3800048828125,3725200
2023-02-02 00:00:00+00:00,169.17247009277344,173.1300048828125,175.22000122070312,171.0800018310547,174.16000366210938,6895500
2023-02-03 00:00:00+00:00,174.77146911621094,178.86000061035156,180.39999389648438,171.2100067138672,171.55999755859375,5305100
2023-02-06 00:00:00+00:00,172.44589233398438,176.47999572753906,177.75,175.69000244140625,176.74000549316406,3397800
2023-02-07 00:00:00+00:00,174.6151123046875,178.6999969482422,179.02999877929688,174.75,175.0500030517578,3526300
2023-02-08 00:00:00+00:00,174.9082489013672,179.0,180.10000610351562,177.8800048828125,179.75,2926500
2023-02-09 00:00:00+00:00,175.2698211669922,179.3699951171875,182.0800018310547,178.47999572753906,179.14999389648438,3557900
2023-02-10 00:00:00+00:00,175.15255737304688,179.25,179.72999572753906,176.49000549316406,178.57000732421875,2586200
2023-02-13 00:00:00+00:00,177.18502807617188,181.3300018310547,181.3800048828125,178.27999877929688,179.24000549316406,3102400
2023-02-14 00:00:00+00:00,176.88211059570312,181.02000427246094,182.14999389648438,178.7899932861328,180.30999755859375,2325900
2023-02-15 00:00:00+00:00,176.54010009765625,180.6699981689453,180.74000549316406,178.5,178.9199981689453,1501200
2023-02-16 00:00:00+00:00,173.8725128173828,177.94000244140625,179.8800048828125,177.67999267578125,179.47999572753906,1899100
2023-02-17 00:00:00+00:00,173.2471466064453,177.3000030517578,177.61000061035156,174.66000366210938,176.0500030517578,2355300
2023-02-21 00:00:00+00:00,169.5144500732422,173.47999572753906,176.5,173.32000732421875,175.1199951171875,2713300
2023-02-22 00:00:00+00:00,170.70655822753906,174.6999969482422,176.02000427246094,172.92999267578125,173.55999755859375,2468800
2023-02-23 00:00:00+00:00,171.13650512695312,175.13999938964844,176.60000610351562,172.86000061035156,175.24000549316406,2575300
2023-02-24 00:00:00+00:00,170.266845703125,174.25,174.94000244140625,172.19000244140625,173.69000244140625,1667400
2023-02-27 00:00:00+00:00,169.33856201171875,173.3000030517578,175.69000244140625,173.0800018310547,175.52999877929688,1909000
2023-02-28 00:00:00+00:00,170.0128173828125,173.99000549316406,175.33999633789062,173.5800018310547,174.00999450683594,2301400
2023-03-01 00:00:00+00:00,171.888916015625,175.91000366210938,177.1999969482422,173.00999450683594,173.50999450683594,2566500
2023-03-02 00:00:00+00:00,171.33192443847656,175.33999633789062,175.8300018310547,172.66000366210938,174.0399932861328,1795000
2023-03-03 00:00:00+00:00,174.99620056152344,179.08999633789062,179.38999938964844,175.22999572753906,176.00999450683594,2875600
2023-03-06 00:00:00+00:00,174.96688842773438,179.05999755859375,180.52000427246094,178.4600067138672,178.55999755859375,2730700
2023-03-07 00:00:00+00:00,171.31239318847656,175.32000732421875,178.89999389648438,175.0800018310547,178.6699981689453,2906400
2023-03-08 00:00:00+00:00,170.83360290527344,174.8300018310547,176.22000122070312,173.57000732421875,175.8300018310547,2101400
2023-03-09 00:00:00+00:00,168.18553161621094,172.1199951171875,180.27000427246094,171.9600067138672,179.60000610351562,4349400
2023-03-10 00:00:00+00:00,161.9123077392578,165.6999969482422,170.8300018310547,164.83999633789062,170.8300018310547,5104300
2023-03-13 00:00:00+00:00,154.02676391601562,157.6300048828125,161.99000549316406,157.4199981689453,161.49000549316406,6123200
2023-03-14 00:00:00+00:00,160.1632080078125,163.91000366210938,164.32000732421875,160.8800048828125,161.5,5284000
2023-03-15 00:00:00+00:00,156.1569061279297,159.80999755859375,159.9600067138672,155.92999267578125,157.91000366210938,6100800
2023-03-16 00:00:00+00:00,157.05592346191406,160.72999572753906,161.9199981689453,156.10000610351562,158.05999755859375,4737300
2023-03-17 00:00:00+00:00,152.94216918945312,156.52000427246094,158.64999389648438,154.89999389648438,158.22000122070312,7447200
2023-03-20 00:00:00+00:00,155.11143493652344,158.74000549316406,160.69000244140625,157.57000732421875,158.3699951171875,3054300
2023-03-21 00:00:00+00:00,160.79833984375,164.55999755859375,164.57000732421875,161.6999969482422,162.94000244140625,3986800
2023-03-22 00:00:00+00:00,159.0297393798828,162.75,166.77000427246094,162.5,164.6300048828125,4367300
2023-03-23 00:00:00+00:00,159.03952026367188,162.75999450683594,166.24000549316406,160.82000732421875,162.6699981689453,3727500
2023-03-24 00:00:00+00:00,156.1276092529297,159.77999877929688,160.7100067138672,157.82000732421875,160.52000427246094,2588700
2023-03-27 00:00:00+00:00,159.39126586914062,163.1199951171875,164.47000122070312,161.8300018310547,163.9499969482422,3984300
2023-03-28 00:00:00+00:00,155.57066345214844,159.2100067138672,162.58999633789062,158.19000244140625,162.2100067138672,4883700
2023-03-29 00:00:00+00:00,159.85052490234375,163.58999633789062,164.19000244140625,161.0800018310547,161.6999969482422,3884800
2023-03-30 00:00:00+00:00,158.697509765625,162.41000366210938,164.9600067138672,161.80999755859375,163.9600067138672,2644800
2023-03-31 00:00:00+00:00,161.17945861816406,164.9499969482422,165.0800018310547,161.75,163.6699981689453,3594300
2023-04-03 00:00:00+00:00,160.03616333007812,163.77999877929688,165.24000549316406,162.67999267578125,164.11000061035156,2704400
2023-04-04 00:00:00+00:00,158.84408569335938,162.55999755859375,165.19000244140625,160.8300018310547,165.00999450683594,2063500
2023-04-05 00:00:00+00:00,157.9810028076172,161.0800018310547,161.60000610351562,160.19000244140625,160.55999755859375,2346800
2023-04-06 00:00:00+00:00,155.77430725097656,158.8300018310547,160.7899932861328,158.22999572753906,160.6300048828125,3754500
2023-04-10 00:00:00+00:00,158.0398712158203,161.13999938964844,161.1699981689453,157.8000030517578,158.0399932861328,2372600
2023-04-11 00:00:00+00:00,158.71656799316406,161.8300018310547,162.5800018310547,160.32000732421875,161.6699981689453,2742300
2023-04-12 00:00:00+00:00,156.22544860839844,159.2899932861328,163.22000122070312,158.8699951171875,163.22000122070312,2817600
2023-04-13 00:00:00+00:00,159.1775665283203,162.3000030517578,162.4199981689453,158.97999572753906,159.8000030517578,2729000
2023-04-14 00:00:00+00:00,160.07984924316406,163.22000122070312,164.77000427246094,161.4600067138672,164.24000549316406,2618100
2023-04-17 00:00:00+00:00,160.5604248046875,163.7100067138672,163.74000549316406,160.88999938964844,161.94000244140625,2622300
2023-04-18 00:00:00+00:00,161.23712158203125,164.39999389648438,165.0500030517578,163.27999877929688,164.60000610351562,2444500
2023-04-19 00:00:00+00:00,161.77655029296875,164.9499969482422,166.5500030517578,163.74000549316406,164.3699951171875,3768600
2023-04-20 00:00:00+00:00,160.138671875,163.27999877929688,163.75,154.00999450683594,159.0,10832400
2023-04-21 00:00:00+00:00,160.62904357910156,163.77999877929688,164.77000427246094,161.22999572753906,163.02000427246094,3882500
2023-04-24 00:00:00+00:00,157.50042724609375,160.58999633789062,164.3000030517578,160.39999389648438,164.22999572753906,2473500
2023-04-25 00:00:00+00:00,153.11643981933594,156.1199951171875,159.25,155.97000122070312,158.91000366210938,3421300
2023-04-26 00:00:00+00:00,152.72413635253906,155.72000122070312,157.25999450683594,155.0800018310547,155.77000427246094,2789100
2023-04-27 00:00:00+00:00,155.40159606933594,158.4499969482422,158.6999969482422,155.91000366210938,156.5399932861328,2143500
2023-04-28 00:00:00+00:00,158.2360076904297,161.33999633789062,161.3800048828125,156.8800048828125,157.3000030517578,2379800
2023-05-01 00:00:00+00:00,156.25485229492188,159.32000732421875,161.85000610351562,158.67999267578125,161.85000610351562,1803600
2023-05-02 00:00:00+00:00,150.30165100097656,153.25,158.35000610351562,151.91000366210938,158.35000610351562,4925600
2023-05-03 00:00:00+00:00,149.28164672851562,152.2100067138672,154.97999572753906,151.83999633789062,153.25999450683594,2655300
2023-05-04 00:00:00+00:00,145.9470672607422,148.80999755859375,151.25,147.39999389648438,151.02999877929688,3997900
2023-05-05 00:00:00+00:00,149.7131805419922,152.64999389648438,153.32000732421875,151.1199951171875,151.2899932861328,2221900
2023-05-08 00:00:00+00:00,150.09567260742188,153.0399932861328,154.5800018310547,152.9499969482422,153.41000366210938,2271600
2023-05-09 00:00:00+00:00,150.42916870117188,153.3800048828125,153.72999572753906,151.8800048828125,152.0,2322700
2023-05-10 00:00:00+00:00,145.81954956054688,148.67999267578125,154.6699981689453,147.9499969482422,153.61000061035156,4602600
2023-05-11 00:00:00+00:00,145.14283752441406,147.99000549316406,148.5,146.27999877929688,147.97000122070312,2900300
2023-05-12 00:00:00+00:00,145.08399963378906,147.92999267578125,149.32000732421875,147.08999633789062,149.32000732421875,2319000
2023-05-15 00:00:00+00:00,147.1141815185547,150.0,150.2100067138672,147.92999267578125,148.17999267578125,2271900
2023-05-16 00:00:00+00:00,145.55477905273438,148.41000366210938,152.41000366210938,148.3699951171875,150.19000244140625,1960200
2023-05-17 00:00:00+00:00,149.16397094726562,152.08999633789062,152.88999938964844,149.3000030517578,149.82000732421875,2446500
2023-05-18 00:00:00+00:00,150.52720642089844,153.47999572753906,154.1199951171875,151.05999755859375,152.25,2629800
2023-05-19 00:00:00+00:00,150.00743103027344,152.9499969482422,154.9199981689453,152.13999938964844,154.57000732421875,2258200
2023-05-22 00:00:00+00:00,152.51815795898438,155.50999450683594,155.89999389648438,153.27999877929688,153.6699981689453,2483800
2023-05-23 00:00:00+00:00,149.6249542236328,152.55999755859375,155.75999450683594,152.5,154.47000122070312,2928400
2023-05-24 00:00:00+00:00,147.82032775878906,150.72000122070312,151.6999969482422,150.1199951171875,151.5,2308400
2023-05-25 00:00:00+00:00,148.17340087890625,151.0800018310547,151.5,149.3699951171875,149.60000610351562,3234300
2023-05-26 00:00:00+00:00,154.2148895263672,157.24000549316406,158.25,152.52999877929688,152.80999755859375,4015400
2023-05-30 00:00:00+00:00,154.97006225585938,158.00999450683594,158.9499969482422,156.66000366210938,157.14999389648438,3268200
2023-05-31 00:00:00+00:00,155.5094757080078,158.55999755859375,159.60000610351562,156.25999450683594,157.6699981689453,5588500
2023-06-01 00:00:00+00:00,159.5894317626953,162.72000122070312,163.99000549316406,158.22999572753906,159.05999755859375,4087200
2023-06-02 00:00:00+00:00,165.3170928955078,168.55999755859375,169.85000610351562,164.49000549316406,164.99000549316406,4819800
2023-06-05 00:00:00+00:00,164.20884704589844,167.42999267578125,168.24000549316406,165.8300018310547,168.24000549316406,2870900
2023-06-06 00:00:00+00:00,168.51438903808594,171.82000732421875,172.64999389648438,167.5,167.85000610351562,3631500
2023-06-07 00:00:00+00:00,168.2495880126953,171.5500030517578,173.64999389648438,170.6999969482422,173.64999389648438,2789000
2023-06-08 00:00:00+00:00,167.8474578857422,171.13999938964844,171.52999877929688,169.55999755859375,170.64999389648438,2354400
2023-06-09 00:00:00+00:00,168.4163055419922,171.72000122070312,172.22000122070312,170.94000244140625,171.94000244140625,2200900
2023-06-12 00:00:00+00:00,170.2993621826172,173.63999938964844,173.92999267578125,171.92999267578125,172.00999450683594,2609600
2023-06-13 00:00:00+00:00,171.7705078125,175.13999938964844,176.1199951171875,174.2100067138672,174.41000366210938,2480400
2023-06-14 00:00:00+00:00,171.11338806152344,174.47000122070312,177.0399932861328,173.38999938964844,176.02000427246094,2326100
2023-06-15 00:00:00+00:00,170.46609497070312,173.80999755859375,174.52999877929688,169.57000732421875,171.41000366210938,2797600
2023-06-16 00:00:00+00:00,168.89691162109375,172.2100067138672,174.5800018310547,171.5500030517578,174.1999969482422,4616300
2023-06-20 00:00:00+00:00,166.1507568359375,169.41000366210938,171.22000122070312,168.3300018310547,171.0,2865700
2023-06-21 00:00:00+00:00,164.6894073486328,167.9199981689453,169.10000610351562,166.9499969482422,169.10000610351562,2813600
2023-06-22 00:00:00+00:00,165.0228729248047,168.25999450683594,168.5,165.22999572753906,167.27999877929688,2755900
2023-06-23 00:00:00+00:00,164.83653259277344,168.07000732421875,168.60000610351562,165.74000549316406,166.0,4214400
2023-06-26 00:00:00+00:00,163.89500427246094,167.11000061035156,170.5,167.05999755859375,168.52999877929688,2507100
2023-06-27 00:00:00+00:00,164.9542236328125,168.19000244140625,168.3800048828125,166.17999267578125,166.35000610351562,2433900
2023-06-28 00:00:00+00:00,166.5136260986328,169.77999877929688,169.8699951171875,167.1999969482422,167.25999450683594,2289000
2023-06-29 00:00:00+00:00,168.76937866210938,172.0800018310547,172.30999755859375,170.32000732421875,170.5800018310547,2899200
2023-06-30 00:00:00+00:00,170.84860229492188,174.1999969482422,175.08999633789062,173.3300018310547,174.24000549316406,3370600
2023-07-03 00:00:00+00:00,172.06472778320312,175.44000244140625,176.3300018310547,173.6999969482422,174.3000030517578,1700200
2023-07-05 00:00:00+00:00,172.19224548339844,175.57000732421875,176.57000732421875,174.0399932861328,174.3800048828125,2487800
2023-07-06 00:00:00+00:00,168.22621154785156,170.94000244140625,172.30999755859375,168.22999572753906,171.74000549316406,3157300
2023-07-07 00:00:00+00:00,167.1043243408203,169.8000030517578,171.57000732421875,168.6699981689453,169.1300048828125,2145300
2023-07-10 00:00:00+00:00,168.9840087890625,171.7100067138672,171.8300018310547,169.4499969482422,169.86000061035156,1865600
2023-07-11 00:00:00+00:00,171.86746215820312,174.63999938964844,175.5800018310547,172.32000732421875,172.5,2282400
2023-07-12 00:00:00+00:00,171.56240844726562,174.3300018310547,177.91000366210938,174.30999755859375,177.0,2305800
2023-07-13 00:00:00+00:00,171.4738311767578,174.24000549316406,176.10000610351562,173.89999389648438,175.4199981689453,2080400
2023-07-14 00:00:00+00:00,170.63731384277344,173.38999938964844,175.66000366210938,172.52000427246094,175.36000061035156,1829500
2023-07-17 00:00:00+00:00,172.60557556152344,175.38999938964844,176.25999450683594,172.83999633789062,172.94000244140625,2144100
2023-07-18 00:00:00+00:00,175.2135009765625,178.0399932861328,178.44000244140625,174.42999267578125,175.19000244140625,2687000
2023-07-19 00:00:00+00:00,174.30809020996094,177.1199951171875,178.7899932861328,176.30999755859375,178.25,2749100
2023-07-20 00:00:00+00:00,174.2982635498047,177.11000061035156,177.22000122070312,174.0500030517578,175.55999755859375,3940700
2023-07-21 00:00:00+00:00,167.51763916015625,170.22000122070312,173.33999633789062,167.4199981689453,172.1699981689453,9098400
2023-07-24 00:00:00+00:00,165.126220703125,167.7899932861328,169.0,166.92999267578125,167.58999633789062,4979900
2023-07-25 00:00:00+00:00,163.85670471191406,166.5,168.9499969482422,166.4199981689453,167.35000610351562,3286700
2023-07-26 00:00:00+00:00,165.0868682861328,167.75,168.42999267578125,166.05999755859375,166.1699981689453,2352000
2023-07-27 00:00:00+00:00,161.0027618408203,163.60000610351562,168.5399932861328,163.1699981689453,168.52999877929688,3944200
2023-07-28 00:00:00+00:00,162.8036651611328,165.42999267578125,166.5800018310547,164.63999938964844,165.2899932861328,2925900
2023-07-31 00:00:00+00:00,166.19891357421875,168.8800048828125,168.99000549316406,166.50999450683594,166.50999450683594,3345900
2023-08-01 00:00:00+00:00,166.95668029785156,169.64999389648438,169.80999755859375,167.25999450683594,167.9499969482422,2340100
2023-08-02 00:00:00+00:00,164.1027069091797,166.75,167.75,166.0500030517578,167.27999877929688,2236200
2023-08-03 00:00:00+00:00,163.7681427001953,166.41000366210938,166.66000366210938,165.02999877929688,165.83999633789062,1708700
2023-08-04 00:00:00+00:00,162.7840118408203,165.41000366210938,168.10000610351562,165.05999755859375,166.52999877929688,2256000
2023-08-07 00:00:00+00:00,164.30941772460938,166.9600067138672,167.3300018310547,166.13999938964844,166.85000610351562,2027200
2023-08-08 00:00:00+00:00,163.23667907714844,165.8699951171875,165.99000549316406,163.58999633789062,164.89999389648438,2102900
2023-08-09 00:00:00+00:00,161.21925354003906,163.82000732421875,166.2899932861328,163.5,165.94000244140625,2445200
2023-08-10 00:00:00+00:00,160.94369506835938,163.5399932861328,166.5,162.72000122070312,164.7100067138672,2556000
2023-08-11 00:00:00+00:00,162.64625549316406,165.27000427246094,165.77999877929688,162.60000610351562,162.6699981689453,2102500
2023-08-14 00:00:00+00:00,163.44337463378906,166.0800018310547,166.47999572753906,163.77000427246094,164.3300018310547,1827300
2023-08-15 00:00:00+00:00,159.33958435058594,161.91000366210938,164.80999755859375,161.6999969482422,164.38999938964844,2447600
2023-08-16 00:00:00+00:00,158.2078399658203,160.75999450683594,162.9600067138672,160.63999938964844,161.27000427246094,1994900
2023-08-17 00:00:00+00:00,158.0306854248047,160.5800018310547,162.61000061035156,160.3800048828125,161.91000366210938,2473000
2023-08-18 00:00:00+00:00,157.6862335205078,160.22999572753906,160.8000030517578,158.94000244140625,159.22999572753906,2139500
2023-08-21 00:00:00+00:00,158.325927734375,160.8800048828125,161.64999389648438,160.0800018310547,160.8800048828125,2070500
2023-08-22 00:00:00+00:00,156.55450439453125,159.0800018310547,161.25999450683594,158.61000061035156,160.75999450683594,2256100
2023-08-23 00:00:00+00:00,156.90878295898438,159.44000244140625,160.0800018310547,158.6999969482422,159.3300018310547,2042500
2023-08-24 00:00:00+00:00,155.28497314453125,157.7899932861328,161.4199981689453,157.74000549316406,159.00999450683594,2468600
2023-08-25 00:00:00+00:00,155.80657958984375,158.32000732421875,159.63999938964844,157.3300018310547,158.44000244140625,2969200
2023-08-28 00:00:00+00:00,156.66275024414062,159.19000244140625,160.91000366210938,158.75999450683594,158.97999572753906,2509900
2023-08-29 00:00:00+00:00,157.6960906982422,160.24000549316406,160.7899932861328,158.3000030517578,158.88999938964844,2175800
2023-08-30 00:00:00+00:00,157.62718200683594,160.1699981689453,161.86000061035156,160.1199951171875,160.27000427246094,3039900
2023-08-31 00:00:00+00:00,155.48179626464844,157.99000549316406,160.94000244140625,157.74000549316406,160.66000366210938,3653900
2023-09-01 00:00:00+00:00,157.08592224121094,159.6199951171875,160.16000366210938,158.7100067138672,159.07000732421875,2195500
2023-09-05 00:00:00+00:00,157.4598846435547,160.0,161.86000061035156,159.35000610351562,160.11000061035156,4151000
2023-09-06 00:00:00+00:00,155.4916229248047,158.0,159.83999633789062,156.86000061035156,159.07000732421875,2949200
2023-09-07 00:00:00+00:00,154.291015625,156.77999877929688,157.6300048828125,156.07000732421875,157.25999450683594,2617400
2023-09-08 00:00:00+00:00,154.93069458007812,157.42999267578125,157.7899932861328,156.7100067138672,157.02000427246094,1931300
2023-09-11 00:00:00+00:00,155.3243408203125,157.8300018310547,159.16000366210938,157.39999389648438,158.3699951171875,2611100
2023-09-12 00:00:00+00:00,155.98370361328125,158.5,159.72000122070312,157.4499969482422,157.64999389648438,2659000
2023-09-13 00:00:00+00:00,156.61354064941406,159.13999938964844,160.6999969482422,158.6199951171875,159.33999633789062,2976700
2023-09-14 00:00:00+00:00,159.2116241455078,161.77999877929688,161.9600067138672,160.0,160.57000732421875,3209900
2023-09-15 00:00:00+00:00,161.15036010742188,163.75,164.3300018310547,161.82000732421875,162.02999877929688,7269500
2023-09-18 00:00:00+00:00,157.09576416015625,159.6300048828125,163.9499969482422,159.35000610351562,163.7899932861328,2413400
2023-09-19 00:00:00+00:00,156.82020568847656,159.35000610351562,159.8699951171875,158.4499969482422,159.0500030517578,2230700
2023-09-20 00:00:00+00:00,154.73385620117188,157.22999572753906,160.1999969482422,156.8800048828125,160.0,1969700
2023-09-21 00:00:00+00:00,152.25387573242188,154.7100067138672,156.8699951171875,154.44000244140625,155.8300018310547,2712100
2023-09-22 00:00:00+00:00,150.64974975585938,153.0800018310547,155.0399932861328,152.9199981689453,155.0,2380600
2023-09-25 00:00:00+00:00,150.79737854003906,153.22999572753906,153.30999755859375,151.75,152.2100067138672,2434400
2023-09-26 00:00:00+00:00,148.7208709716797,151.1199951171875,152.9600067138672,150.16000366210938,151.75,2332100
2023-09-27 00:00:00+00:00,147.5202178955078,149.89999389648438,151.5,148.97000122070312,151.5,3705400
2023-09-28 00:00:00+00:00,147.84498596191406,150.22999572753906,150.8800048828125,149.02000427246094,149.77000427246094,3489800
2023-09-29 00:00:00+00:00,146.821533203125,149.19000244140625,151.69000244140625,148.6699981689453,151.4499969482422,3579400
2023-10-02 00:00:00+00:00,147.10691833496094,149.47999572753906,149.89999389648438,148.07000732421875,148.4199981689453,2657600
2023-10-03 00:00:00+00:00,142.7472381591797,145.0500030517578,149.17999267578125,144.30999755859375,148.5,4184100
2023-10-04 00:00:00+00:00,144.30215454101562,146.6300048828125,146.9199981689453,144.39999389648438,145.89999389648438,3476700
2023-10-05 00:00:00+00:00,145.349609375,147.08999633789062,147.5399932861328,144.77000427246094,145.5800018310547,2706200
2023-10-06 00:00:00+00:00,147.55322265625,149.32000732421875,150.35000610351562,146.13999938964844,146.7100067138672,3204600
2023-10-09 00:00:00+00:00,147.0591583251953,148.82000732421875,149.4499969482422,147.4199981689453,147.60000610351562,2279400
2023-10-10 00:00:00+00:00,149.14414978027344,150.92999267578125,151.72999572753906,149.0,149.5,2909100
2023-10-11 00:00:00+00:00,149.71730041503906,151.50999450683594,152.80999755859375,149.75999450683594,151.42999267578125,1727000
2023-10-12 00:00:00+00:00,149.4900360107422,151.27999877929688,152.72000122070312,150.11000061035156,152.5,2377200
2023-10-13 00:00:00+00:00,149.3121795654297,151.10000610351562,154.13999938964844,150.42999267578125,152.9199981689453,2951500
2023-10-16 00:00:00+00:00,150.98216247558594,152.7899932861328,153.41000366210938,151.2100067138672,152.3699951171875,2586300
2023-10-17 00:00:00+00:00,152.563232421875,154.38999938964844,154.72999572753906,151.5,151.55999755859375,3919400
2023-10-18 00:00:00+00:00,149.73707580566406,151.52999877929688,153.58999633789062,151.1300048828125,153.1199951171875,2632200
2023-10-19 00:00:00+00:00,147.84967041015625,149.6199951171875,156.0500030517578,149.00999450683594,150.41000366210938,4642200
2023-10-20 00:00:00+00:00,139.89492797851562,141.57000732421875,147.94000244140625,141.44000244140625,144.6999969482422,8261000
2023-10-23 00:00:00+00:00,142.87918090820312,144.58999633789062,145.85000610351562,140.91000366210938,141.5,5313500
2023-10-24 00:00:00+00:00,142.711181640625,144.4199981689453,146.50999450683594,143.5399932861328,145.85000610351562,3521100
2023-10-25 00:00:00+00:00,141.8218536376953,143.52000427246094,144.83999633789062,143.22999572753906,144.08999633789062,2841400
2023-10-26 00:00:00+00:00,141.64398193359375,143.33999633789062,144.91000366210938,142.99000549316406,143.3699951171875,3378000
2023-10-27 00:00:00+00:00,139.63800048828125,141.30999755859375,143.9600067138672,141.02999877929688,143.85000610351562,3442500
2023-10-30 00:00:00+00:00,141.57481384277344,143.27000427246094,143.86000061035156,141.72999572753906,142.72000122070312,3303300
2023-10-31 00:00:00+00:00,144.30215454101562,146.02999877929688,146.67999267578125,143.07000732421875,143.3300018310547,3737200
2023-11-01 00:00:00+00:00,144.71717834472656,146.4499969482422,146.82000732421875,145.13999938964844,146.49000549316406,2332600
2023-11-02 00:00:00+00:00,149.06512451171875,150.85000610351562,150.91000366210938,148.3300018310547,148.3300018310547,3108400
2023-11-03 00:00:00+00:00,150.9525146484375,152.75999450683594,153.8800048828125,152.39999389648438,152.5800018310547,2666000
2023-11-06 00:00:00+00:00,151.17979431152344,152.99000549316406,153.07000732421875,151.50999450683594,152.60000610351562,2490000
2023-11-07 00:00:00+00:00,151.16990661621094,152.97999572753906,153.7899932861328,152.35000610351562,152.97000122070312,1583300
2023-11-08 00:00:00+00:00,151.1995391845703,153.00999450683594,153.8000030517578,152.42999267578125,152.97000122070312,1804500
2023-11-09 00:00:00+00:00,150.567138671875,152.3699951171875,154.16000366210938,152.0500030517578,153.67999267578125,2052900
2023-11-10 00:00:00+00:00,152.55335998535156,154.3800048828125,154.47999572753906,152.10000610351562,153.0399932861328,2088100
2023-11-13 00:00:00+00:00,152.51382446289062,154.33999633789062,155.25999450683594,153.5,154.0800018310547,1753600
2023-11-14 00:00:00+00:00,155.0534210205078,156.91000366210938,157.9199981689453,156.02999877929688,156.60000610351562,2968600
2023-11-15 00:00:00+00:00,157.54359436035156,159.42999267578125,159.44000244140625,157.0,157.52999877929688,3272600
2023-11-16 00:00:00+00:00,157.1680908203125,159.0500030517578,160.10000610351562,157.97000122070312,159.64999389648438,3749100
2023-11-17 00:00:00+00:00,160.63656616210938,162.55999755859375,162.5800018310547,159.91000366210938,159.91000366210938,2975800
2023-11-20 00:00:00+00:00,161.9113006591797,163.85000610351562,164.64999389648438,162.75999450683594,162.91000366210938,3242900
2023-11-21 00:00:00+00:00,160.3697509765625,162.2899932861328,164.1199951171875,161.72999572753906,163.64999389648438,2759700
2023-11-22 00:00:00+00:00,161.8520050048828,163.7899932861328,164.67999267578125,162.85000610351562,163.27999877929688,2527500
2023-11-24 00:00:00+00:00,162.47454833984375,164.4199981689453,165.22000122070312,163.97000122070312,164.55999755859375,950700
2023-11-27 00:00:00+00:00,162.0990447998047,164.0399932861328,164.52000427246094,163.32000732421875,163.75999450683594,2146400
2023-11-28 00:00:00+00:00,163.69989013671875,165.66000366210938,165.97999572753906,163.61000061035156,163.9199981689453,2117800
2023-11-29 00:00:00+00:00,165.44894409179688,167.42999267578125,168.72000122070312,166.39999389648438,166.39999389648438,2720200
2023-11-30 00:00:00+00:00,168.74942016601562,170.77000427246094,171.1699981689453,167.52999877929688,168.0,4253100
2023-12-01 00:00:00+00:00,171.70404052734375,173.75999450683594,174.33999633789062,170.30999755859375,170.6699981689453,3412000
2023-12-04 00:00:00+00:00,171.2000732421875,173.25,175.30999755859375,172.66000366210938,172.86000061035156,3631000
2023-12-05 00:00:00+00:00,168.6604766845703,170.67999267578125,172.7100067138672,165.92999267578125,172.10000610351562,6452500
2023-12-06 00:00:00+00:00,165.52796936035156,167.50999450683594,172.3800048828125,167.17999267578125,171.72999572753906,3890700
2023-12-07 00:00:00+00:00,166.62486267089844,168.6199951171875,169.22000122070312,167.74000549316406,168.4600067138672,2797100
2023-12-08 00:00:00+00:00,166.43710327148438,168.42999267578125,169.1300048828125,167.57000732421875,168.33999633789062,2680100
2023-12-11 00:00:00+00:00,166.39756774902344,168.38999938964844,169.50999450683594,167.86000061035156,168.39999389648438,2811400
2023-12-12 00:00:00+00:00,169.01622009277344,171.0399932861328,171.0800018310547,167.77000427246094,168.38999938964844,2946200
2023-12-13 00:00:00+00:00,172.49456787109375,174.55999755859375,174.66000366210938,170.14999389648438,171.2100067138672,3207700
2023-12-14 00:00:00+00:00,176.7436981201172,178.86000061035156,179.89999389648438,175.60000610351562,175.74000549316406,4548100
2023-12-15 00:00:00+00:00,178.37417602539062,180.50999450683594,181.17999267578125,177.5,177.5399932861328,7139200
2023-12-18 00:00:00+00:00,180.59754943847656,182.75999450683594,182.83999633789062,181.02999877929688,181.3800048828125,2814400
2023-12-19 00:00:00+00:00,183.55218505859375,185.75,185.77000427246094,183.19000244140625,183.2100067138672,3978300
2023-12-20 00:00:00+00:00,178.51251220703125,180.64999389648438,185.64999389648438,180.5399932861328,185.35000610351562,4020700
2023-12-21 00:00:00+00:00,182.60353088378906,184.7899932861328,185.2100067138672,181.8300018310547,181.8300018310547,3496800
2023-12-22 00:00:00+00:00,183.3743133544922,185.57000732421875,186.3699951171875,184.6300048828125,185.63999938964844,2781600
2023-12-26 00:00:00+00:00,183.75970458984375,185.9600067138672,186.17999267578125,185.1300048828125,185.9600067138672,1230000
2023-12-27 00:00:00+00:00,184.84666442871094,187.05999755859375,187.1300048828125,185.6199951171875,186.13999938964844,1825400
2023-12-28 00:00:00+00:00,185.5779266357422,187.8000030517578,188.07000732421875,187.0,187.1199951171875,1486100
2023-12-29 00:00:00+00:00,185.12335205078125,187.33999633789062,188.3000030517578,186.52999877929688,187.75,1913800
2024-01-02 00:00:00+00:00,186.08187866210938,188.30999755859375,188.74000549316406,186.07000732421875,186.49000549316406,2236600
2024-01-03 00:00:00+00:00,184.11544799804688,186.32000732421875,187.49000549316406,185.58999633789062,186.67999267578125,2720500
2024-01-04 00:00:00+00:00,185.52316284179688,187.13999938964844,188.57000732421875,185.75999450683594,186.00999450683594,2777500
2024-01-05 00:00:00+00:00,187.4265594482422,189.05999755859375,189.50999450683594,186.52000427246094,186.82000732421875,2243000
2024-01-08 00:00:00+00:00,187.57528686523438,189.2100067138672,189.3300018310547,186.3800048828125,188.22000122070312,3442100
2024-01-09 00:00:00+00:00,185.1563720703125,186.77000427246094,187.99000549316406,186.33999633789062,187.8300018310547,2055500
2024-01-10 00:00:00+00:00,183.37191772460938,184.97000122070312,186.10000610351562,183.6699981689453,185.02999877929688,2757800
2024-01-11 00:00:00+00:00,183.43138122558594,185.02999877929688,185.36000061035156,182.0399932861328,185.00999450683594,3493300
2024-01-12 00:00:00+00:00,180.4672088623047,182.0399932861328,186.41000366210938,181.9499969482422,185.8300018310547,3366000
2024-01-16 00:00:00+00:00,179.40647888183594,180.97000122070312,181.14999389648438,178.82000732421875,181.00999450683594,4142900
2024-01-17 00:00:00+00:00,179.43621826171875,181.0,181.60000610351562,179.0,179.4499969482422,2377600
2024-01-18 00:00:00+00:00,178.23666381835938,179.7899932861328,180.19000244140625,177.80999755859375,180.10000610351562,3215200
2024-01-19 00:00:00+00:00,181.5874481201172,183.1699981689453,183.3800048828125,179.41000366210938,181.0,3388500
2024-01-22 00:00:00+00:00,183.41156005859375,185.00999450683594,186.77000427246094,184.05999755859375,184.25999450683594,3145100
2024-01-23 00:00:00+00:00,183.86758422851562,185.47000122070312,186.02000427246094,184.80999755859375,185.67999267578125,2327600
2024-01-24 00:00:00+00:00,184.21456909179688,185.82000732421875,188.4199981689453,185.72999572753906,187.08999633789062,3052500
2024-01-25 00:00:00+00:00,186.4451446533203,188.07000732421875,188.3300018310547,186.42999267578125,186.44000244140625,3472500
2024-01-26 00:00:00+00:00,199.689697265625,201.42999267578125,204.77000427246094,192.25999450683594,192.5399932861328,13555400
2024-01-29 00:00:00+00:00,199.1246337890625,200.86000061035156,202.89999389648438,199.07000732421875,201.91000366210938,4935500
2024-01-30 00:00:00+00:00,202.38619995117188,204.14999389648438,204.44000244140625,200.41000366210938,200.5,4284600
2024-01-31 00:00:00+00:00,199.0056610107422,200.74000549316406,205.32000732421875,200.66000366210938,202.39999389648438,3495000
2024-02-01 00:00:00+00:00,201.4642333984375,203.22000122070312,203.47000122070312,199.8800048828125,200.36000061035156,3028300
2024-02-02 00:00:00+00:00,204.62667846679688,206.41000366210938,206.97000122070312,203.0,203.38999938964844,3393000
2024-02-05 00:00:00+00:00,204.16073608398438,205.94000244140625,206.72000122070312,203.4199981689453,205.49000549316406,3099300
2024-02-06 00:00:00+00:00,203.87322998046875,205.64999389648438,207.0800018310547,204.0,205.44000244140625,3255300
2024-02-07 00:00:00+00:00,207.2736053466797,209.0800018310547,209.14999389648438,205.60000610351562,207.0800018310547,3272100
2024-02-08 00:00:00+00:00,209.3852081298828,211.2100067138672,211.33999633789062,207.9499969482422,208.25,4136600
2024-02-09 00:00:00+00:00,210.63430786132812,212.47000122070312,214.25,210.41000366210938,211.5500030517578,4785100
2024-02-12 00:00:00+00:00,210.42613220214844,212.25999450683594,214.00999450683594,211.61000061035156,212.25,4041400
2024-02-13 00:00:00+00:00,207.85850524902344,209.6699981689453,210.97000122070312,207.61000061035156,210.22000122070312,3381700
2024-02-14 00:00:00+00:00,209.07786560058594,210.89999389648438,211.2899932861328,208.82000732421875,211.14999389648438,2770800
2024-02-15 00:00:00+00:00,210.6938018798828,212.52999877929688,213.1199951171875,210.64999389648438,211.47000122070312,2644500
2024-02-16 00:00:00+00:00,210.72354125976562,212.55999755859375,214.2899932861328,211.8699951171875,212.52999877929688,2831300
2024-02-20 00:00:00+00:00,210.65414428710938,212.49000549316406,213.75,210.27999877929688,211.0,3341700
2024-02-21 00:00:00+00:00,209.06796264648438,210.88999938964844,212.69000244140625,209.10000610351562,211.60000610351562,2600200
2024-02-22 00:00:00+00:00,212.1411895751953,213.99000549316406,215.5500030517578,212.47999572753906,212.47999572753906,3027800
2024-02-23 00:00:00+00:00,212.7062530517578,214.55999755859375,216.32000732421875,214.25999450683594,215.0,2617000
2024-02-26 00:00:00+00:00,215.08554077148438,216.9600067138672,217.5399932861328,213.25,213.4199981689453,2684500
2024-02-27 00:00:00+00:00,216.09671020507812,217.97999572753906,218.0800018310547,216.3000030517578,217.42999267578125,2428100
2024-02-28 00:00:00+00:00,216.14627075195312,218.02999877929688,219.1999969482422,216.75999450683594,217.17999267578125,2599200
2024-02-29 00:00:00+00:00,217.52427673339844,219.4199981689453,219.74000549316406,217.64999389648438,218.99000549316406,5186500
2024-03-01 00:00:00+00:00,217.76220703125,219.66000366210938,220.3800048828125,218.42999267578125,219.30999755859375,2342800
2024-03-04 00:00:00+00:00,217.0186767578125,218.91000366210938,219.5800018310547,217.24000549316406,219.07000732421875,2625300
2024-03-05 00:00:00+00:00,215.32345581054688,217.1999969482422,218.89999389648438,216.1199951171875,217.44000244140625,2672300
2024-03-06 00:00:00+00:00,216.56265258789062,218.4499969482422,219.2899932861328,217.27000427246094,217.6199951171875,2727900
2024-03-07 00:00:00+00:00,221.48971557617188,223.4199981689453,224.69000244140625,220.80999755859375,221.00999450683594,2974100
2024-03-08 00:00:00+00:00,221.4401397705078,223.3699951171875,224.89999389648438,222.83999633789062,223.0399932861328,2242800
2024-03-11 00:00:00+00:00,218.28762817382812,220.19000244140625,222.36000061035156,218.2899932861328,221.9199981689453,2808200
2024-03-12 00:00:00+00:00,220.7263641357422,222.64999389648438,223.44000244140625,219.63999938964844,221.24000549316406,2067700
2024-03-13 00:00:00+00:00,220.8849639892578,222.80999755859375,223.49000549316406,221.8699951171875,223.13999938964844,2693100
2024-03-14 00:00:00+00:00,218.56520080566406,220.47000122070312,224.2899932861328,219.10000610351562,224.27999877929688,2417900
2024-03-15 00:00:00+00:00,216.57257080078125,218.4600067138672,221.60000610351562,217.22000122070312,220.97999572753906,5266600
2024-03-18 00:00:00+00:00,219.06088256835938,220.97000122070312,221.72999572753906,218.99000549316406,219.89999389648438,1893000
2024-03-19 00:00:00+00:00,219.774658203125,221.69000244140625,221.9499969482422,219.3699951171875,221.0500030517578,1817600
2024-03-20 00:00:00+00:00,225.94091796875,227.91000366210938,228.05999755859375,221.22999572753906,221.49000549316406,2249700
2024-03-21 00:00:00+00:00,227.1404571533203,229.1199951171875,231.69000244140625,228.99000549316406,229.11000061035156,3523700
2024-03-22 00:00:00+00:00,224.00778198242188,225.9600067138672,230.5399932861328,225.91000366210938,229.0500030517578,2284100
2024-03-25 00:00:00+00:00,224.07716369628906,226.02999877929688,226.99000549316406,225.22999572753906,225.33999633789062,2119500
2024-03-26 00:00:00+00:00,222.52072143554688,224.4600067138672,226.8699951171875,224.32000732421875,226.6199951171875,2106400
2024-03-27 00:00:00+00:00,225.78228759765625,227.75,228.0,225.13999938964844,227.1999969482422,2153100
2024-03-28 00:00:00+00:00,225.7228240966797,227.69000244140625,228.4600067138672,226.33999633789062,228.4600067138672,2295800
2024-04-01 00:00:00+00:00,225.6435089111328,227.61000061035156,228.57000732421875,226.8300018310547,227.44000244140625,1616700
2024-04-02 00:00:00+00:00,223.58148193359375,225.52999877929688,226.97000122070312,224.58999633789062,226.3699951171875,1984500
2024-04-03 00:00:00+00:00,224.67198181152344,226.6300048828125,227.25999450683594,225.25,225.80999755859375,2070100
2024-04-04 00:00:00+00:00,218.36727905273438,219.58999633789062,229.67999267578125,219.2100067138672,229.13999938964844,3035300
2024-04-05 00:00:00+00:00,221.2213134765625,222.4600067138672,223.1199951171875,219.52000427246094,220.0,1827400
2024-04-08 00:00:00+00:00,222.8621063232422,224.11000061035156,224.85000610351562,223.1300048828125,223.4600067138672,1401200
2024-04-09 00:00:00+00:00,218.61587524414062,219.83999633789062,223.92999267578125,217.97000122070312,222.99000549316406,3503400
2024-04-10 00:00:00+00:00,216.4380645751953,217.64999389648438,219.5,215.52000427246094,217.50999450683594,3115000
2024-04-11 00:00:00+00:00,216.98501586914062,218.1999969482422,219.1699981689453,214.50999450683594,217.5,3139000
2024-04-12 00:00:00+00:00,216.98501586914062,218.1999969482422,218.27999877929688,216.1199951171875,217.0,2441200
2024-04-15 00:00:00+00:00,217.18389892578125,218.39999389648438,222.72999572753906,216.82000732421875,221.88999938964844,3459000
2024-04-16 00:00:00+00:00,217.1242218017578,218.33999633789062,219.3800048828125,216.50999450683594,217.6999969482422,4176700
2024-04-17 00:00:00+00:00,216.4579620361328,217.6699981689453,220.27999877929688,216.52000427246094,219.55999755859375,2256800
2024-04-18 00:00:00+00:00,216.28890991210938,217.5,221.4499969482422,217.17999267578125,218.25999450683594,3901500
2024-04-19 00:00:00+00:00,229.75350952148438,231.0399932861328,231.60000610351562,218.83999633789062,218.83999633789062,7572300
2024-04-22 00:00:00+00:00,231.70260620117188,233.0,235.3699951171875,227.69000244140625,232.02999877929688,5151300
2024-04-23 00:00:00+00:00,237.62942504882812,238.9600067138672,239.4199981689453,233.6699981689453,234.77000427246094,4684500
2024-04-24 00:00:00+00:00,237.7885284423828,239.1199951171875,240.5500030517578,237.97000122070312,238.27000427246094,4429200
2024-04-25 00:00:00+00:00,235.77978515625,237.10000610351562,238.4499969482422,235.41000366210938,238.1300048828125,3329000
2024-04-26 00:00:00+00:00,234.32791137695312,235.63999938964844,236.9199981689453,234.4199981689453,236.0,2993300
2024-04-29 00:00:00+00:00,237.58963012695312,238.9199981689453,239.1199951171875,235.63999938964844,236.58999633789062,3696300
2024-04-30 00:00:00+00:00,232.72686767578125,234.02999877929688,239.61000061035156,233.77000427246094,237.8800048828125,3564300
2024-05-01 00:00:00+00:00,230.1711883544922,231.4600067138672,235.13999938964844,231.22999572753906,233.22000122070312,4176000
2024-05-02 00:00:00+00:00,231.2053985595703,232.5,233.9499969482422,230.91000366210938,233.5800018310547,2734900
2024-05-03 00:00:00+00:00,229.48501586914062,230.77000427246094,233.35000610351562,229.1300048828125,233.25999450683594,3203100
2024-05-06 00:00:00+00:00,233.0251922607422,234.3300018310547,234.57000732421875,231.32000732421875,232.3000030517578,2259600
2024-05-07 00:00:00+00:00,233.35336303710938,234.66000366210938,236.0,233.41000366210938,235.5,2084300
2024-05-08 00:00:00+00:00,234.92457580566406,236.24000549316406,236.85000610351562,233.52000427246094,234.39999389648438,2501900
2024-05-09 00:00:00+00:00,237.8084259033203,239.13999938964844,239.3800048828125,235.55999755859375,235.9600067138672,3166300
2024-05-10 00:00:00+00:00,240.95082092285156,242.3000030517578,243.5399932861328,240.30999755859375,240.5,2590800
2024-05-13 00:00:00+00:00,237.32113647460938,238.64999389648438,243.5399932861328,238.10000610351562,242.9499969482422,2768800
2024-05-14 00:00:00+00:00,240.1851043701172,241.52999877929688,242.08999633789062,238.10000610351562,238.14999389648438,2387300
2024-05-15 00:00:00+00:00,240.35415649414062,241.6999969482422,242.8699951171875,240.25,241.6300048828125,2013400
2024-05-16 00:00:00+00:00,239.97628784179688,241.32000732421875,243.35000610351562,240.85000610351562,241.72000122070312,2605900
2024-05-17 00:00:00+00:00,241.46792602539062,242.82000732421875,243.19000244140625,241.89999389648438,242.8000030517578,1848700
2024-05-20 00:00:00+00:00,240.95082092285156,242.3000030517578,244.41000366210938,242.10000610351562,243.11000061035156,1983200
2024-05-21 00:00:00+00:00,241.7264862060547,243.0800018310547,243.5800018310547,241.33999633789062,242.33999633789062,1825800
2024-05-22 00:00:00+00:00,238.75311279296875,240.08999633789062,243.47000122070312,239.52999877929688,242.91000366210938,2292700
2024-05-23 00:00:00+00:00,234.14891052246094,235.4600067138672,240.8300018310547,235.1199951171875,240.8300018310547,3272600
2024-05-24 00:00:00+00:00,236.853759765625,238.17999267578125,240.07000732421875,236.69000244140625,236.86000061035156,1624200
2024-05-28 00:00:00+00:00,235.928955078125,237.25,238.47000122070312,235.8800048828125,237.75,2315400
2024-05-29 00:00:00+00:00,234.62623596191406,235.94000244140625,237.66000366210938,234.6699981689453,235.4499969482422,2711300
2024-05-30 00:00:00+00:00,235.89910888671875,237.22000122070312,237.32000732421875,234.97999572753906,236.3699951171875,2386300
2024-05-31 00:00:00+00:00,238.66363525390625,240.0,240.19000244140625,235.91000366210938,238.0,5102500
2024-06-03 00:00:00+00:00,235.56100463867188,236.8800048828125,241.36000061035156,233.52999877929688,240.17999267578125,2677200
2024-06-04 00:00:00+00:00,235.928955078125,237.25,240.0,235.72999572753906,236.38999938964844,2512100
2024-06-05 00:00:00+00:00,233.38320922851562,234.69000244140625,237.6999969482422,233.6999969482422,236.25,2925100
2024-06-06 00:00:00+00:00,232.05067443847656,233.35000610351562,236.39999389648438,232.6999969482422,234.7899932861328,2709600
2024-06-07 00:00:00+00:00,231.37445068359375,232.6699981689453,234.1199951171875,231.7100067138672,232.41000366210938,2212500
2024-06-10 00:00:00+00:00,231.14572143554688,232.44000244140625,233.9199981689453,230.60000610351562,231.9499969482422,2933500
2024-06-11 00:00:00+00:00,223.27976989746094,224.52999877929688,231.63999938964844,224.2100067138672,231.63999938964844,3168100
2024-06-12 00:00:00+00:00,222.79249572753906,224.0399932861328,228.39999389648438,222.8300018310547,227.42999267578125,3091100
2024-06-13 00:00:00+00:00,220.9528045654297,222.19000244140625,223.75,220.74000549316406,223.41000366210938,3011300
2024-06-14 00:00:00+00:00,223.5681610107422,224.82000732421875,225.63999938964844,221.33999633789062,221.3800048828125,2373800
2024-06-17 00:00:00+00:00,226.9989471435547,228.27000427246094,228.47000122070312,224.02000427246094,224.1999969482422,2426700
2024-06-18 00:00:00+00:00,228.0331573486328,229.30999755859375,229.30999755859375,226.77000427246094,227.5800018310547,2176500
2024-06-20 00:00:00+00:00,228.9281463623047,230.2100067138672,231.67999267578125,226.44000244140625,228.55999755859375,2968100
2024-06-21 00:00:00+00:00,229.09719848632812,230.3800048828125,231.11000061035156,227.5,231.11000061035156,5064300
2024-06-24 00:00:00+00:00,230.18113708496094,231.47000122070312,233.89999389648438,230.2100067138672,231.67999267578125,2152600
2024-06-25 00:00:00+00:00,229.30601501464844,230.58999633789062,231.3000030517578,228.5399932861328,230.86000061035156,3479900
2024-06-26 00:00:00+00:00,229.39552307128906,230.67999267578125,232.49000549316406,229.13999938964844,230.0399932861328,3151900
2024-06-27 00:00:00+00:00,227.1282196044922,228.39999389648438,230.3300018310547,227.3699951171875,229.7899932861328,2264200
2024-06-28 00:00:00+00:00,230.26068115234375,231.5500030517578,233.60000610351562,228.74000549316406,229.25,3901100
2024-07-01 00:00:00+00:00,232.50808715820312,233.80999755859375,234.8000030517578,231.5500030517578,232.3300018310547,2792700
2024-07-02 00:00:00+00:00,234.65606689453125,235.97000122070312,236.19000244140625,232.97000122070312,233.5500030517578,1871700
2024-07-03 00:00:00+00:00,234.39752197265625,235.7100067138672,237.5800018310547,235.19000244140625,236.5,1365900
2024-07-05 00:00:00+00:00,235.01589965820312,235.6300048828125,236.6999969482422,233.55999755859375,235.7100067138672,2488300
2024-07-08 00:00:00+00:00,233.89881896972656,234.50999450683594,239.5,233.75999450683594,236.22999572753906,2638600
2024-07-09 00:00:00+00:00,237.13037109375,237.75,239.1999969482422,234.1199951171875,234.97000122070312,1943400
2024-07-10 00:00:00+00:00,238.3072967529297,238.92999267578125,239.4499969482422,235.6199951171875,236.57000732421875,2203000
2024-07-11 00:00:00+00:00,238.1277618408203,238.75,239.9499969482422,236.9600067138672,238.8699951171875,1868700
2024-07-12 00:00:00+00:00,238.00808715820312,238.6300048828125,240.25999450683594,237.22999572753906,238.97000122070312,2612200
2024-07-15 00:00:00+00:00,243.3640899658203,244.0,244.66000366210938,240.4499969482422,240.4499969482422,3054400
2024-07-16 00:00:00+00:00,248.9794158935547,249.6300048828125,249.75999450683594,243.8000030517578,244.13999938964844,3074600
2024-07-17 00:00:00+00:00,249.30856323242188,249.9600067138672,250.83999633789062,247.3800048828125,248.80999755859375,2471900
2024-07-18 00:00:00+00:00,248.55052185058594,249.1999969482422,253.72999572753906,247.75999450683594,250.8000030517578,4053300
2024-07-19 00:00:00+00:00,241.74830627441406,242.3800048828125,243.3800048828125,237.64999389648438,241.8000030517578,5750400
2024-07-22 00:00:00+00:00,244.1121368408203,244.75,245.61000061035156,239.89999389648438,243.00999450683594,2590000
2024-07-23 00:00:00+00:00,246.2565155029297,246.89999389648438,248.99000549316406,245.0399932861328,246.9600067138672,2564000
2024-07-24 00:00:00+00:00,240.3619384765625,240.99000549316406,245.6199951171875,240.6699981689453,245.0,2838100
2024-07-25 00:00:00+00:00,239.5540313720703,240.17999267578125,244.9600067138672,239.38999938964844,240.0,3828800
2024-07-26 00:00:00+00:00,245.24916076660156,245.88999938964844,246.38999938964844,241.8800048828125,241.92999267578125,2174400
2024-07-29 00:00:00+00:00,247.2439422607422,247.88999938964844,247.9600067138672,244.30999755859375,246.6300048828125,2059300
2024-07-30 00:00:00+00:00,251.8219757080078,252.47999572753906,253.67999267578125,249.22999572753906,249.4600067138672,2498800
2024-07-31 00:00:00+00:00,252.38052368164062,253.0399932861328,256.239990234375,252.42999267578125,253.11000061035156,2180700
2024-08-01 00:00:00+00:00,248.03187561035156,248.67999267578125,255.0,246.41000366210938,253.85000610351562,3929700
2024-08-02 00:00:00+00:00,231.67462158203125,232.27999877929688,244.64999389648438,230.0500030517578,244.50999450683594,6902600
2024-08-05 00:00:00+00:00,225.33120727539062,225.9199981689453,230.77999877929688,222.02999877929688,226.63999938964844,4890700
2024-08-06 00:00:00+00:00,230.5176544189453,231.1199951171875,233.17999267578125,226.5,226.9600067138672,3148200
2024-08-07 00:00:00+00:00,228.20370483398438,228.8000030517578,236.1699981689453,228.50999450683594,234.02000427246094,2665300
2024-08-08 00:00:00+00:00,232.93133544921875,233.5399932861328,234.5,231.00999450683594,231.0500030517578,2239200
2024-08-09 00:00:00+00:00,237.23011779785156,237.85000610351562,238.33999633789062,233.08999633789062,233.52000427246094,1956400
2024-08-12 00:00:00+00:00,236.4322052001953,237.0500030517578,238.99000549316406,235.39999389648438,238.1999969482422,1747000
2024-08-13 00:00:00+00:00,238.3671417236328,238.99000549316406,239.27000427246094,236.47000122070312,238.7100067138672,1913200
2024-08-14 00:00:00+00:00,243.1247100830078,243.75999450683594,244.08999633789062,239.50999450683594,239.80999755859375,2132500
2024-08-15 00:00:00+00:00,248.84974670410156,249.5,250.36000061035156,245.35000610351562,247.77000427246094,2656800
2024-08-16 00:00:00+00:00,251.0540008544922,251.7100067138672,251.75,249.1300048828125,249.38999938964844,2149700
2024-08-19 00:00:00+00:00,253.3878936767578,254.0500030517578,254.11000061035156,251.83999633789062,252.0,1653400
2024-08-20 00:00:00+00:00,252.42042541503906,253.0800018310547,254.6199951171875,252.25999450683594,254.22000122070312,1659700
2024-08-21 00:00:00+00:00,245.65809631347656,246.3000030517578,249.82000732421875,243.35000610351562,249.63999938964844,3502500
2024-08-22 00:00:00+00:00,247.11427307128906,247.75999450683594,248.9199981689453,245.75999450683594,246.77000427246094,1981300
2024-08-23 00:00:00+00:00,250.6450653076172,251.3000030517578,252.1699981689453,248.0,248.0,1868200
2024-08-26 00:00:00+00:00,253.2183380126953,253.8800048828125,256.1600036621094,251.9499969482422,252.4199981689453,1931000
2024-08-27 00:00:00+00:00,254.36534118652344,255.02999877929688,256.67999267578125,253.6999969482422,253.6999969482422,2518100
2024-08-28 00:00:00+00:00,256.4199523925781,257.0899963378906,258.6300048828125,253.75,254.2100067138672,2557100
2024-08-29 00:00:00+00:00,259.1628112792969,259.8399963378906,261.57000732421875,256.8299865722656,258.0,2423500
2024-08-30 00:00:00+00:00,257.97589111328125,258.6499938964844,261.75,256.1000061035156,260.489990234375,3442100
2024-09-03 00:00:00+00:00,253.647216796875,254.30999755859375,257.4800109863281,252.7899932861328,255.77000427246094,2970300
2024-09-04 00:00:00+00:00,251.08392333984375,251.74000549316406,256.5799865722656,250.66000366210938,254.99000549316406,3062600
2024-09-05 00:00:00+00:00,251.18365478515625,251.83999633789062,253.1699981689453,248.3699951171875,252.7100067138672,2711200
2024-09-06 00:00:00+00:00,243.42391967773438,244.05999755859375,253.57000732421875,243.32000732421875,251.2899932861328,3653000
2024-09-09 00:00:00+00:00,250.26605224609375,250.9199981689453,253.14999389648438,247.52999877929688,248.25,3080800
2024-09-10 00:00:00+00:00,244.78038024902344,245.4199981689453,252.5,240.58999633789062,251.72000122070312,3630900
2024-09-11 00:00:00+00:00,253.51754760742188,254.17999267578125,254.6300048828125,243.5,244.39999389648438,3149900
2024-09-12 00:00:00+00:00,254.48501586914062,255.14999389648438,257.0,252.58999633789062,254.16000366210938,2279600
2024-09-13 00:00:00+00:00,258.3249816894531,259.0,260.2099914550781,255.75,256.2300109863281,2199200
2024-09-16 00:00:00+00:00,260.4095458984375,261.0899963378906,262.8500061035156,259.1499938964844,261.30999755859375,2170200
2024-09-17 00:00:00+00:00,264.70831298828125,265.3999938964844,267.2200012207031,261.3500061035156,261.5199890136719,2765700
2024-09-18 00:00:00+00:00,261.4967041015625,262.17999267578125,266.3500061035156,261.0,264.3999938964844,2577400
2024-09-19 00:00:00+00:00,268.0495910644531,268.75,270.1000061035156,266.3500061035156,267.8299865722656,2973300
2024-09-20 00:00:00+00:00,268.2889404296875,268.989990234375,271.489990234375,266.95001220703125,268.3999938964844,5847200
2024-09-23 00:00:00+00:00,266.60333251953125,267.29998779296875,272.4100036621094,267.04998779296875,271.3599853515625,2534900
2024-09-24 00:00:00+00:00,265.5162048339844,266.2099914550781,268.5,263.0299987792969,267.7699890136719,2340300
2024-09-25 00:00:00+00:00,265.476318359375,266.1700134277344,268.7200012207031,265.54998779296875,267.0899963378906,2116300
2024-09-26 00:00:00+00:00,267.4511413574219,268.1499938964844,268.989990234375,266.3399963378906,268.2900085449219,1430600
2024-09-27 00:00:00+00:00,270.3535461425781,271.05999755859375,272.67999267578125,267.4200134277344,268.0,2231900
2024-09-30 00:00:00+00:00,270.4931945800781,271.20001220703125,271.4800109863281,267.2900085449219,270.1000061035156,2113100
